question,answer,contexts,ground_truth,faithfulness,answer_relevancy,context_precision,context_recall
"What is the purpose of Decree 13/2023/ND-CP?","Decree 13/2023/ND-CP is Vietnam's first comprehensive personal data protection law, effective July 1, 2023.","['Vietnamese Personal Data Protection Decree (Decree 13/2023/ND-CP)']","Decree 13/2023/ND-CP is the first comprehensive legal framework for personal data protection in Vietnam, establishing principles, rights, and obligations for personal data processing.",0.92,0.88,0.85,0.90
"What are the key principles of personal data protection under Decree 13?","The key principles include lawfulness, purpose limitation, data minimization, accuracy, storage limitation, and security.","['Vietnamese Personal Data Protection Decree (Decree 13/2023/ND-CP)']","The key principles include lawfulness, purpose limitation, data minimization, accuracy, storage limitation, and security.",0.95,0.90,0.88,0.92
"What categories of personal data are defined in the decree?","The decree defines three categories: basic personal data (name, date of birth, nationality), sensitive personal data (political views, religious beliefs, health status, biometric data), and general personal data (transactions, location, behavior).","['Vietnamese Personal Data Protection Decree (Decree 13/2023/ND-CP)']","The decree defines three categories: basic personal data (name, date of birth, nationality), sensitive personal data (political views, religious beliefs, health status, biometric data), and general personal data (transactions, location, behavior).",0.88,0.85,0.82,0.87
"What rights do data subjects have under the decree?","Data subjects have the right to be informed about processing, access their data, request correction or deletion, object to processing, data portability, and file complaints.","['Vietnamese Personal Data Protection Decree (Decree 13/2023/ND-CP)']","Data subjects have the right to be informed about processing, access their data, request correction or deletion, object to processing, data portability, and file complaints.",0.90,0.87,0.84,0.89
"What are the obligations of data controllers?","Data controllers must register with the Ministry of Public Security, implement protection measures, conduct impact assessments, report breaches within 72 hours, and appoint a data protection officer for large-scale processing.","['Vietnamese Personal Data Protection Decree (Decree 13/2023/ND-CP)']","Data controllers must register with the Ministry of Public Security, implement protection measures, conduct impact assessments, report breaches within 72 hours, and appoint a data protection officer for large-scale processing.",0.85,0.82,0.80,0.83
"What is the timeline for reporting data breaches?","Data controllers must report breaches to the Ministry of Public Security within 72 hours of becoming aware of the breach.","['Data Breach Notification Requirements']","Data controllers must report breaches to the Ministry of Public Security within 72 hours of becoming aware of the breach.",0.93,0.91,0.89,0.92
"What information must be included in a breach notification?","The notification must include description of the breach, categories of data affected, number of data subjects, consequences, measures taken, and contact information.","['Data Breach Notification Requirements']","The notification must include description of the breach, categories of data affected, number of data subjects, consequences, measures taken, and contact information.",0.87,0.84,0.81,0.86
"When must data subjects be notified of a breach?","If the breach poses a high risk to data subjects' rights and freedoms, they must be notified without undue delay.","['Data Breach Notification Requirements']","If the breach poses a high risk to data subjects' rights and freedoms, they must be notified without undue delay.",0.91,0.88,0.86,0.90
"What are the penalties for failing to report a data breach?","Penalties include administrative fines up to 5% of revenue, suspension of processing activities, criminal liability, and compensation claims.","['Data Breach Notification Requirements']","Penalties include administrative fines up to 5% of revenue, suspension of processing activities, criminal liability, and compensation claims.",0.89,0.86,0.83,0.88
"Is cross-border data transfer generally allowed?","No, cross-border data transfer is generally prohibited unless specific conditions are met.","['Cross-Border Data Transfer Regulations']","No, cross-border data transfer is generally prohibited unless specific conditions are met.",0.94,0.92,0.90,0.93
"When is cross-border data transfer permitted?","It is permitted when the receiving country has adequate protection laws, data subject gives explicit consent, transfer is necessary for contract performance, for public interest, or appropriate safeguards are implemented.","['Cross-Border Data Transfer Regulations']","It is permitted when the receiving country has adequate protection laws, data subject gives explicit consent, transfer is necessary for contract performance, for public interest, or appropriate safeguards are implemented.",0.82,0.79,0.76,0.81
"Which countries have adequate data protection according to Vietnam?","As of 2024, EU member states, Japan, South Korea, and Singapore are considered to have adequate protection.","['Cross-Border Data Transfer Regulations']","As of 2024, EU member states, Japan, South Korea, and Singapore are considered to have adequate protection.",0.90,0.87,0.85,0.89
"What safeguards are required for transfers to non-adequate countries?","Safeguards include standard contractual clauses, binding corporate rules, codes of conduct, certification mechanisms, and encryption.","['Cross-Border Data Transfer Regulations']","Safeguards include standard contractual clauses, binding corporate rules, codes of conduct, certification mechanisms, and encryption.",0.86,0.83,0.80,0.85
"What documentation is required for cross-border transfers?","Records of transfers, legal basis, safeguards implemented, data subject consents, and impact assessments must be maintained.","['Cross-Border Data Transfer Regulations']","Records of transfers, legal basis, safeguards implemented, data subject consents, and impact assessments must be maintained.",0.84,0.81,0.78,0.83
"What are the requirements for valid consent?","Consent must be freely given, specific, informed, unambiguous, documented, and revocable.","['Data Processing Consent Requirements']","Consent must be freely given, specific, informed, unambiguous, documented, and revocable.",0.93,0.90,0.88,0.92
"When is explicit consent required?","Explicit consent is required for processing sensitive data, cross-border transfers to non-adequate countries, automated decision-making, direct marketing, and processing not covered by other legal bases.","['Data Processing Consent Requirements']","Explicit consent is required for processing sensitive data, cross-border transfers to non-adequate countries, automated decision-making, direct marketing, and processing not covered by other legal bases.",0.88,0.85,0.82,0.87
"What must consent forms include?","Consent forms must include processing purposes, data categories, controller identity, consent duration, data subject rights, consequences of refusal, and contact information.","['Data Processing Consent Requirements']","Consent forms must include processing purposes, data categories, controller identity, consent duration, data subject rights, consequences of refusal, and contact information.",0.85,0.82,0.79,0.84
"What special consent rules apply to children?","Consent from legal guardians is required for processing children's data under age 16.","['Data Processing Consent Requirements']","Consent from legal guardians is required for processing children's data under age 16.",0.92,0.89,0.87,0.91
"When can employee data be processed without consent?","Employee data can use the employment contract as a legal basis instead of consent.","['Data Processing Consent Requirements']","Employee data can use the employment contract as a legal basis instead of consent.",0.91,0.88,0.86,0.90
"When must a Data Protection Officer be appointed?","A DPO must be appointed for public authorities, large-scale systematic monitoring, large-scale sensitive data processing, and high-risk processing.","['Data Protection Officer (DPO) Requirements']","A DPO must be appointed for public authorities, large-scale systematic monitoring, large-scale sensitive data processing, and high-risk processing.",0.87,0.84,0.81,0.86
"What qualifications should a DPO have?","A DPO should have expertise in data protection law, understanding of operations, communication skills, and independence.","['Data Protection Officer (DPO) Requirements']","A DPO should have expertise in data protection law, understanding of operations, communication skills, and independence.",0.83,0.80,0.77,0.82
"What are the DPO's responsibilities?","The DPO advises on obligations, monitors compliance, provides training, conducts audits, serves as contact point, cooperates with authorities, and maintains records.","['Data Protection Officer (DPO) Requirements']","The DPO advises on obligations, monitors compliance, provides training, conducts audits, serves as contact point, cooperates with authorities, and maintains records.",0.86,0.83,0.80,0.85
"How is DPO independence ensured?","DPO independence is ensured by protection from dismissal, direct reporting to senior management, adequate resources, no conflict of interest, and limited other duties.","['Data Protection Officer (DPO) Requirements']","DPO independence is ensured by protection from dismissal, direct reporting to senior management, adequate resources, no conflict of interest, and limited other duties.",0.89,0.86,0.83,0.88
"When must a DPO be registered?","DPOs must be registered with the Ministry of Public Security within 30 days of appointment.","['Data Protection Officer (DPO) Requirements']","DPOs must be registered with the Ministry of Public Security within 30 days of appointment.",0.94,0.91,0.89,0.93
"How does the data minimization principle interact with the purpose limitation principle?","Data minimization requires collecting only necessary data, while purpose limitation restricts use to specified purposes. Together they ensure organizations collect only what they need for their stated purposes and don't use it beyond those purposes.","['Vietnamese Personal Data Protection Decree (Decree 13/2023/ND-CP)', 'Data Processing Consent Requirements']","Data minimization requires collecting only necessary data, while purpose limitation restricts use to specified purposes. Together they ensure organizations collect only what they need for their stated purposes and don't use it beyond those purposes.",0.78,0.75,0.72,0.77
"If a data breach affects 1000 people but poses low risk, must individuals be notified?","No, individual notification is only required when the breach poses a high risk to data subjects' rights and freedoms. A low-risk breach affecting 1000 people would only require reporting to the Ministry of Public Security within 72 hours.","['Data Breach Notification Requirements']","No, individual notification is only required when the breach poses a high risk to data subjects' rights and freedoms. A low-risk breach affecting 1000 people would only require reporting to the Ministry of Public Security within 72 hours.",0.75,0.72,0.69,0.74
"Can a company transfer data to a country without adequate protection if they use encryption?","Yes, encryption is one of the appropriate safeguards that can enable cross-border transfer to non-adequate countries, along with other measures like standard contractual clauses or binding corporate rules.","['Cross-Border Data Transfer Regulations']","Yes, encryption is one of the appropriate safeguards that can enable cross-border transfer to non-adequate countries, along with other measures like standard contractual clauses or binding corporate rules.",0.72,0.69,0.66,0.71
"If an employee refuses consent for processing their personal data, can the employer still process it?","Yes, for employee data, the employment contract itself serves as the legal basis for processing, so explicit consent is not required. However, the processing must still comply with other principles like purpose limitation and data minimization.","['Data Processing Consent Requirements']","Yes, for employee data, the employment contract itself serves as the legal basis for processing, so explicit consent is not required. However, the processing must still comply with other principles like purpose limitation and data minimization.",0.70,0.67,0.64,0.69
"What happens if a DPO identifies a compliance issue that conflicts with business objectives?","The DPO's independence is protected - they cannot be dismissed for performing their duties. They should report the issue to senior management and document their findings. The organization must address the compliance issue even if it conflicts with business objectives.","['Data Protection Officer (DPO) Requirements']","The DPO's independence is protected - they cannot be dismissed for performing their duties. They should report the issue to senior management and document their findings. The organization must address the compliance issue even if it conflicts with business objectives.",0.68,0.65,0.62,0.67
"How does the 72-hour breach reporting timeline interact with the requirement to notify affected individuals?","The 72-hour timeline applies to reporting to the Ministry of Public Security. Notification to individuals must be done 'without undue delay' if the breach poses high risk, which could be before or after the 72-hour government report depending on the situation.","['Data Breach Notification Requirements']","The 72-hour timeline applies to reporting to the Ministry of Public Security. Notification to individuals must be done 'without undue delay' if the breach poses high risk, which could be before or after the 72-hour government report depending on the situation.",0.65,0.62,0.59,0.64
"If a company processes both basic and sensitive personal data, what consent requirements apply?","Sensitive personal data requires explicit consent with additional requirements in the consent form. Basic data may be processed under other legal bases without explicit consent, but if the processing is not covered by other bases, consent would still be required.","['Vietnamese Personal Data Protection Decree (Decree 13/2023/ND-CP)', 'Data Processing Consent Requirements']","Sensitive personal data requires explicit consent with additional requirements in the consent form. Basic data may be processed under other legal bases without explicit consent, but if the processing is not covered by other bases, consent would still be required.",0.63,0.60,0.57,0.62
"Can a DPO be held personally liable for data protection violations by the company?","While the DPO has responsibilities for monitoring compliance, liability for violations typically rests with the data controller (the organization). However, if the DPO acts negligently or fails in their duties, they could face professional consequences, though the primary legal liability is with the organization.","['Data Protection Officer (DPO) Requirements']","While the DPO has responsibilities for monitoring compliance, liability for violations typically rests with the data controller (the organization). However, if the DPO acts negligently or fails in their duties, they could face professional consequences, though the primary legal liability is with the organization.",0.60,0.57,0.54,0.59
"If a data subject withdraws consent, what happens to data already processed under that consent?","When consent is withdrawn, the organization must stop further processing based on that consent. However, data already processed may be retained if there is another legal basis (like contract performance or legal obligation) or if it needs to be kept for record-keeping purposes.","['Data Processing Consent Requirements']","When consent is withdrawn, the organization must stop further processing based on that consent. However, data already processed may be retained if there is another legal basis (like contract performance or legal obligation) or if it needs to be kept for record-keeping purposes.",0.58,0.55,0.52,0.57
"How do the adequacy requirements for cross-border transfer affect multinational companies operating in Vietnam?","Multinationals must ensure data transfers to their headquarters or other countries meet Vietnam's requirements. They can use binding corporate rules as a safeguard, or ensure transfers only go to adequate countries, or obtain explicit consent from data subjects.","['Cross-Border Data Transfer Regulations']","Multinationals must ensure data transfers to their headquarters or other countries meet Vietnam's requirements. They can use binding corporate rules as a safeguard, or ensure transfers only go to adequate countries, or obtain explicit consent from data subjects.",0.56,0.53,0.50,0.55
"What is the relationship between data minimization and the requirement to maintain records of processing activities?","Data minimization limits what data can be collected, while record-keeping requires documenting all processing. These work together - organizations must maintain records showing they only collect and process data that is necessary for their stated purposes, demonstrating compliance with minimization.","['Vietnamese Personal Data Protection Decree (Decree 13/2023/ND-CP)', 'Data Protection Officer (DPO) Requirements']","Data minimization limits what data can be collected, while record-keeping requires documenting all processing. These work together - organizations must maintain records showing they only collect and process data that is necessary for their stated purposes, demonstrating compliance with minimization.",0.54,0.51,0.48,0.53
"If a company wants to use personal data for a new purpose not originally disclosed, what must they do?","They must obtain new consent from data subjects for the new purpose, as consent must be specific to the processing purpose. The original consent does not cover purposes not disclosed at the time of collection.","['Data Processing Consent Requirements']","They must obtain new consent from data subjects for the new purpose, as consent must be specific to the processing purpose. The original consent does not cover purposes not disclosed at the time of collection.",0.52,0.49,0.46,0.51
"How does the security principle relate to the breach notification requirement?","The security principle requires implementing appropriate measures to protect data. If these measures fail and a breach occurs, the breach notification requirement is triggered. The effectiveness of security measures can affect whether a breach occurs and how severe it is.","['Vietnamese Personal Data Protection Decree (Decree 13/2023/ND-CP)', 'Data Breach Notification Requirements']","The security principle requires implementing appropriate measures to protect data. If these measures fail and a breach occurs, the breach notification requirement is triggered. The effectiveness of security measures can affect whether a breach occurs and how severe it is.",0.50,0.47,0.44,0.49
"Can a small business avoid appointing a DPO by limiting its data processing activities?","Yes, if the small business does not engage in large-scale systematic monitoring, large-scale sensitive data processing, or high-risk processing, it is not required to appoint a DPO. However, it must still comply with all other data protection obligations.","['Data Protection Officer (DPO) Requirements']","Yes, if the small business does not engage in large-scale systematic monitoring, large-scale sensitive data processing, or high-risk processing, it is not required to appoint a DPO. However, it must still comply with all other data protection obligations.",0.48,0.45,0.42,0.47
"If a data subject requests deletion of their data but the company has a legal obligation to retain it, what happens?","The company must balance the data subject's right to deletion with legal retention requirements. If there is a legal obligation to retain the data, the deletion request can be denied, but the company should explain this to the data subject and limit further processing beyond what is legally required.","['Vietnamese Personal Data Protection Decree (Decree 13/2023/ND-CP)']","The company must balance the data subject's right to deletion with legal retention requirements. If there is a legal obligation to retain the data, the deletion request can be denied, but the company should explain this to the data subject and limit further processing beyond what is legally required.",0.46,0.43,0.40,0.45
"What happens if a company transfers data to an adequate country but that country then changes its laws to become inadequate?","The company would need to reassess the transfer and implement additional safeguards or stop the transfer. The adequacy status can change, and organizations must monitor changes in receiving countries' laws to maintain compliance.","['Cross-Border Data Transfer Regulations']","The company would need to reassess the transfer and implement additional safeguards or stop the transfer. The adequacy status can change, and organizations must monitor changes in receiving countries' laws to maintain compliance.",0.44,0.41,0.38,0.43
"How do the consent requirements differ between processing for direct marketing versus processing for contract performance?","Direct marketing requires explicit consent with the right to object. Contract performance can use the contract itself as the legal basis without requiring explicit consent, though the data subject must still be informed about the processing.","['Data Processing Consent Requirements']","Direct marketing requires explicit consent with the right to object. Contract performance can use the contract itself as the legal basis without requiring explicit consent, though the data subject must still be informed about the processing.",0.42,0.39,0.36,0.41
"If a DPO identifies that the company is processing more data than necessary for its stated purposes, what actions should they take?","The DPO should advise the company to reduce data collection to only what is necessary (data minimization), update processing records, and potentially delete excess data. They should document this recommendation and monitor implementation.","['Vietnamese Personal Data Protection Decree (Decree 13/2023/ND-CP)', 'Data Protection Officer (DPO) Requirements']","The DPO should advise the company to reduce data collection to only what is necessary (data minimization), update processing records, and potentially delete excess data. They should document this recommendation and monitor implementation.",0.40,0.37,0.34,0.39
"A company processes employee data for payroll (contract basis) and also wants to use it for internal marketing. What consent is needed?","Payroll processing can use the employment contract as legal basis without consent. However, using the same data for marketing requires explicit consent, as this is a different purpose not covered by the contract.","['Data Processing Consent Requirements']","Payroll processing can use the employment contract as legal basis without consent. However, using the same data for marketing requires explicit consent, as this is a different purpose not covered by the contract.",0.38,0.35,0.32,0.37
"What is the complete process from data breach discovery to final resolution, including all notification requirements and documentation?","When a breach is discovered, the company must: 1) Assess the breach (scope, impact, cause), 2) Implement containment measures, 3) Report to Ministry of Public Security within 72 hours with required information, 4) If high risk, notify affected individuals without delay, 5) Document all activities, 6) Implement remediation measures, 7) Monitor for further issues. The DPO should oversee this process.","['Data Breach Notification Requirements', 'Data Protection Officer (DPO) Requirements']","When a breach is discovered, the company must: 1) Assess the breach (scope, impact, cause), 2) Implement containment measures, 3) Report to Ministry of Public Security within 72 hours with required information, 4) If high risk, notify affected individuals without delay, 5) Document all activities, 6) Implement remediation measures, 7) Monitor for further issues. The DPO should oversee this process.",0.36,0.33,0.30,0.35
"How would a multinational company with operations in Vietnam, EU, and Japan structure its data transfer framework to comply with all jurisdictions?","The company would need to: 1) Use Vietnam's adequacy list (EU and Japan are adequate) for transfers from Vietnam to these regions, 2) Implement binding corporate rules for transfers between all entities, 3) Use standard contractual clauses for transfers to non-adequate countries, 4) Maintain separate records for each jurisdiction's requirements, 5) Appoint DPOs in each region or a centralized DPO with local knowledge.","['Cross-Border Data Transfer Regulations', 'Data Protection Officer (DPO) Requirements']","The company would need to: 1) Use Vietnam's adequacy list (EU and Japan are adequate) for transfers from Vietnam to these regions, 2) Implement binding corporate rules for transfers between all entities, 3) Use standard contractual clauses for transfers to non-adequate countries, 4) Maintain separate records for each jurisdiction's requirements, 5) Appoint DPOs in each region or a centralized DPO with local knowledge.",0.34,0.31,0.28,0.33
"If a healthcare provider processes patient data (sensitive) and also operates a wellness program (general), how should they structure consent and processing records?","They need separate consent processes: 1) For healthcare data (sensitive), explicit consent with detailed information about medical processing, 2) For wellness program, general consent may suffice if other legal bases apply. Processing records must distinguish between the two types of data and purposes. The DPO should ensure appropriate security for sensitive data.","['Vietnamese Personal Data Protection Decree (Decree 13/2023/ND-CP)', 'Data Processing Consent Requirements', 'Data Protection Officer (DPO) Requirements']","They need separate consent processes: 1) For healthcare data (sensitive), explicit consent with detailed information about medical processing, 2) For wellness program, general consent may suffice if other legal bases apply. Processing records must distinguish between the two types of data and purposes. The DPO should ensure appropriate security for sensitive data.",0.32,0.29,0.26,0.31
"What is the full compliance framework for a Vietnamese e-commerce company that collects customer data, processes payments, uses third-party analytics, and has international customers?","The framework includes: 1) Register with Ministry of Public Security, 2) Implement consent for marketing and analytics, 3) Use contract basis for payment processing, 4) Ensure third-party analytics have adequate safeguards, 5) For international customers, check adequacy or implement safeguards for cross-border transfers, 6) Appoint DPO if large-scale, 7) Conduct impact assessments, 8) Maintain processing records, 9) Implement security measures, 10) Establish breach response procedures.","['Vietnamese Personal Data Protection Decree (Decree 13/2023/ND-CP)', 'Cross-Border Data Transfer Regulations', 'Data Protection Officer (DPO) Requirements', 'Data Breach Notification Requirements']","The framework includes: 1) Register with Ministry of Public Security, 2) Implement consent for marketing and analytics, 3) Use contract basis for payment processing, 4) Ensure third-party analytics have adequate safeguards, 5) For international customers, check adequacy or implement safeguards for cross-border transfers, 6) Appoint DPO if large-scale, 7) Conduct impact assessments, 8) Maintain processing records, 9) Implement security measures, 10) Establish breach response procedures.",0.30,0.27,0.24,0.29
"How does a company balance data subject rights (access, deletion, portability) with legal retention requirements and business needs?","The company must: 1) Classify data by retention requirements (legal vs business), 2) For access requests, provide all data the subject has rights to, 3) For deletion, delete what is not legally required to retain, 4) Explain legal obligations when denying requests, 5) For portability, provide data in commonly used format, 6) Maintain records of all requests and responses. The DPO should develop procedures for handling these scenarios.","['Vietnamese Personal Data Protection Decree (Decree 13/2023/ND-CP)', 'Data Protection Officer (DPO) Requirements']","The company must: 1) Classify data by retention requirements (legal vs business), 2) For access requests, provide all data the subject has rights to, 3) For deletion, delete what is not legally required to retain, 4) Explain legal obligations when denying requests, 5) For portability, provide data in commonly used format, 6) Maintain records of all requests and responses. The DPO should develop procedures for handling these scenarios.",0.28,0.25,0.22,0.27
"What is the complete lifecycle of consent from collection to withdrawal, including all documentation and communication requirements?","The lifecycle includes: 1) Pre-collection: Determine if consent is needed or other legal basis applies, 2) Collection: Obtain consent using proper form with all required information, 3) Recording: Document consent in consent management system with timestamp and scope, 4) Ongoing: Monitor if processing purposes change (may require new consent), 5) Withdrawal: Provide easy withdrawal mechanism, 6) Post-withdrawal: Stop processing based on that consent, retain data if other legal basis exists, 7) Documentation: Maintain consent history throughout. The DPO should audit this process regularly.","['Data Processing Consent Requirements', 'Data Protection Officer (DPO) Requirements']","The lifecycle includes: 1) Pre-collection: Determine if consent is needed or other legal basis applies, 2) Collection: Obtain consent using proper form with all required information, 3) Recording: Document consent in consent management system with timestamp and scope, 4) Ongoing: Monitor if processing purposes change (may require new consent), 5) Withdrawal: Provide easy withdrawal mechanism, 6) Post-withdrawal: Stop processing based on that consent, retain data if other legal basis exists, 7) Documentation: Maintain consent history throughout. The DPO should audit this process regularly.",0.26,0.23,0.20,0.25
"How should a company structure its data protection governance to handle both routine compliance and incident response?","The governance structure should include: 1) Senior management commitment and resources, 2) DPO with independence and authority, 3) Data protection team for routine compliance (training, audits, records), 4) Incident response team for breaches (IT, legal, communications, DPO), 5) Clear escalation procedures, 6) Regular training and awareness programs, 7) Documentation of all activities. The DPO oversees both routine and incident response functions.","['Data Protection Officer (DPO) Requirements', 'Data Breach Notification Requirements']","The governance structure should include: 1) Senior management commitment and resources, 2) DPO with independence and authority, 3) Data protection team for routine compliance (training, audits, records), 4) Incident response team for breaches (IT, legal, communications, DPO), 5) Clear escalation procedures, 6) Regular training and awareness programs, 7) Documentation of all activities. The DPO oversees both routine and incident response functions.",0.24,0.21,0.18,0.23
"What are all the compliance checkpoints a startup must go through when launching a new app that collects personal data in Vietnam?","Checkpoints include: 1) Legal basis determination for each data type, 2) Consent form design and implementation, 3) Registration with Ministry of Public Security, 4) Security measures implementation, 5) DPO appointment assessment, 6) Cross-border transfer assessment if using foreign servers, 7) Impact assessment if high-risk processing, 8) Processing records setup, 9) Breach response plan development, 10) Privacy policy development. The startup should consult with legal counsel and potentially a DPO early in the process.","['Vietnamese Personal Data Protection Decree (Decree 13/2023/ND-CP)', 'Data Processing Consent Requirements', 'Cross-Border Data Transfer Regulations', 'Data Protection Officer (DPO) Requirements']","Checkpoints include: 1) Legal basis determination for each data type, 2) Consent form design and implementation, 3) Registration with Ministry of Public Security, 4) Security measures implementation, 5) DPO appointment assessment, 6) Cross-border transfer assessment if using foreign servers, 7) Impact assessment if high-risk processing, 8) Processing records setup, 9) Breach response plan development, 10) Privacy policy development. The startup should consult with legal counsel and potentially a DPO early in the process.",0.22,0.19,0.16,0.21
"How does a bank processing customer data integrate data protection with its existing security and compliance frameworks (AML, KYC, banking regulations)?","The bank must: 1) Map data protection requirements onto existing security frameworks, 2) Ensure AML/KYC data processing has appropriate legal basis (often legal obligation), 3) Coordinate between compliance teams (data protection, AML, banking), 4) Ensure consent is obtained for processing not covered by legal obligations, 5) Appoint DPO who understands both data protection and banking regulations, 6) Conduct joint impact assessments, 7) Maintain unified but distinct records for different regulatory requirements. The DPO should facilitate this integration.","['Vietnamese Personal Data Protection Decree (Decree 13/2023/ND-CP)', 'Data Protection Officer (DPO) Requirements']","The bank must: 1) Map data protection requirements onto existing security frameworks, 2) Ensure AML/KYC data processing has appropriate legal basis (often legal obligation), 3) Coordinate between compliance teams (data protection, AML, banking), 4) Ensure consent is obtained for processing not covered by legal obligations, 5) Appoint DPO who understands both data protection and banking regulations, 6) Conduct joint impact assessments, 7) Maintain unified but distinct records for different regulatory requirements. The DPO should facilitate this integration.",0.20,0.17,0.14,0.19
"What is the complete audit trail required for demonstrating compliance with Decree 13 across all data processing activities?","The audit trail must include: 1) Processing activities register (purpose, categories, recipients, retention), 2) Consent records (when obtained, what was consented to, withdrawals), 3) Cross-border transfer records (legal basis, safeguards, adequacy assessments), 4) Security measures documentation (implemented, tested, updated), 5) Training records (who, when, content), 6) Incident and breach records (timeline, response, outcomes), 7) DPO activities (advice, audits, recommendations), 8) Data subject request records (access, deletion, portability). The DPO maintains and audits this trail.","['Vietnamese Personal Data Protection Decree (Decree 13/2023/ND-CP)', 'Data Protection Officer (DPO) Requirements', 'Data Breach Notification Requirements', 'Cross-Border Data Transfer Regulations']","The audit trail must include: 1) Processing activities register (purpose, categories, recipients, retention), 2) Consent records (when obtained, what was consented to, withdrawals), 3) Cross-border transfer records (legal basis, safeguards, adequacy assessments), 4) Security measures documentation (implemented, tested, updated), 5) Training records (who, when, content), 6) Incident and breach records (timeline, response, outcomes), 7) DPO activities (advice, audits, recommendations), 8) Data subject request records (access, deletion, portability). The DPO maintains and audits this trail.",0.18,0.15,0.12,0.17
